Date,Open,High,Low,Close,Adj Close,Volume,Company
2023-01-03,16.09000015258789,16.139999389648438,15.829999923706055,16.059999465942383,15.367215156555176,18233900,Hewlett Packard Enterprise
2023-01-04,16.149999618530273,16.524999618530273,16.1200008392334,16.420000076293945,15.711686134338379,15865500,Hewlett Packard Enterprise
2023-01-05,16.290000915527344,16.4950008392334,16.184999465942383,16.450000762939453,15.74039363861084,13099500,Hewlett Packard Enterprise
2023-01-06,16.68000030517578,17.209999084472656,16.670000076293945,17.110000610351562,16.37192153930664,15242500,Hewlett Packard Enterprise
2023-01-09,17.100000381469727,17.25,16.889999389648438,16.959999084472656,16.228391647338867,19294700,Hewlett Packard Enterprise
2023-01-10,16.799999237060547,17.139999389648438,16.684999465942383,17.059999465942383,16.324077606201172,16777600,Hewlett Packard Enterprise
2023-01-11,16.989999771118164,17.049999237060547,16.780000686645508,16.90999984741211,16.180551528930664,16002800,Hewlett Packard Enterprise
2023-01-12,16.610000610351562,16.719999313354492,16.309999465942383,16.31999969482422,15.615999221801758,22445800,Hewlett Packard Enterprise
2023-01-13,16.170000076293945,16.46500015258789,16.1200008392334,16.450000762939453,15.74039363861084,12392100,Hewlett Packard Enterprise
2023-01-17,16.399999618530273,16.450000762939453,16.045000076293945,16.25,15.549019813537598,14189500,Hewlett Packard Enterprise
2023-01-18,16.25,16.350000381469727,16.06999969482422,16.079999923706055,15.3863525390625,13629400,Hewlett Packard Enterprise
2023-01-19,15.9399995803833,15.970000267028809,15.739999771118164,15.8100004196167,15.128002166748047,12533300,Hewlett Packard Enterprise
2023-01-20,15.84000015258789,15.960000038146973,15.640000343322754,15.949999809265137,15.261960983276367,12713700,Hewlett Packard Enterprise
2023-01-23,16.030000686645508,16.290000915527344,15.991999626159668,16.170000076293945,15.472471237182617,10009600,Hewlett Packard Enterprise
2023-01-24,16.030000686645508,16.264999389648438,15.930000305175781,16.170000076293945,15.472471237182617,9550900,Hewlett Packard Enterprise
2023-01-25,16.030000686645508,16.170000076293945,15.774999618530273,16.1299991607666,15.434196472167969,10570700,Hewlett Packard Enterprise
2023-01-26,16.25,16.290000915527344,15.989999771118164,16.219999313354492,15.520312309265137,11148700,Hewlett Packard Enterprise
2023-01-27,16.18000030517578,16.290000915527344,16.100000381469727,16.139999389648438,15.443764686584473,9423100,Hewlett Packard Enterprise
2023-01-30,15.989999771118164,16.18000030517578,15.9350004196167,16.010000228881836,15.319372177124023,10476500,Hewlett Packard Enterprise
2023-01-31,16.010000228881836,16.149999618530273,15.899999618530273,16.1299991607666,15.434196472167969,24130400,Hewlett Packard Enterprise
2023-02-01,16.1200008392334,16.18000030517578,15.90999984741211,16.110000610351562,15.415060043334961,18695100,Hewlett Packard Enterprise
2023-02-02,16.200000762939453,16.517000198364258,16.18000030517578,16.40999984741211,15.702116012573242,13329200,Hewlett Packard Enterprise
2023-02-03,16.25,16.540000915527344,16.239999771118164,16.329999923706055,15.625567436218262,9682000,Hewlett Packard Enterprise
2023-02-06,16.270000457763672,16.280000686645508,16.03499984741211,16.110000610351562,15.415060043334961,24139200,Hewlett Packard Enterprise
2023-02-07,16.1200008392334,16.299999237060547,15.989999771118164,16.229999542236328,15.529882431030273,17657500,Hewlett Packard Enterprise
2023-02-08,16.09000015258789,16.100000381469727,15.894000053405762,16.010000228881836,15.319372177124023,18148900,Hewlett Packard Enterprise
2023-02-09,16.200000762939453,16.295000076293945,16.149999618530273,16.239999771118164,15.539451599121094,18403500,Hewlett Packard Enterprise
2023-02-10,16.25,16.485000610351562,16.18000030517578,16.440000534057617,15.730823516845703,14023300,Hewlett Packard Enterprise
2023-02-13,16.40999984741211,16.700000762939453,16.389999389648438,16.65999984741211,15.94133186340332,9301900,Hewlett Packard Enterprise
2023-02-14,16.65999984741211,16.729999542236328,16.479999542236328,16.540000915527344,15.82651138305664,8792600,Hewlett Packard Enterprise
2023-02-15,16.440000534057617,16.600000381469727,16.389999389648438,16.56999969482422,15.855215072631836,7088300,Hewlett Packard Enterprise
2023-02-16,16.459999084472656,16.586000442504883,16.280000686645508,16.459999084472656,15.749960899353027,10146600,Hewlett Packard Enterprise
2023-02-17,16.399999618530273,16.450000762939453,16.295000076293945,16.360000610351562,15.654275894165039,7933100,Hewlett Packard Enterprise
2023-02-21,16.280000686645508,16.280000686645508,15.979999542236328,15.979999542236328,15.290666580200195,8755900,Hewlett Packard Enterprise
2023-02-22,15.975000381469727,16.040000915527344,15.649999618530273,15.75,15.070587158203125,8902700,Hewlett Packard Enterprise
2023-02-23,15.869999885559082,15.899999618530273,15.53499984741211,15.739999771118164,15.061018943786621,10233800,Hewlett Packard Enterprise
2023-02-24,15.520000457763672,15.670000076293945,15.454999923706055,15.600000381469727,14.927059173583984,9897100,Hewlett Packard Enterprise
2023-02-27,15.75,15.84000015258789,15.585000038146973,15.640000343322754,14.965332984924316,8099900,Hewlett Packard Enterprise
2023-02-28,15.619999885559082,15.739999771118164,15.574999809265137,15.609999656677246,14.936627388000488,15279800,Hewlett Packard Enterprise
2023-03-01,15.65999984741211,15.739999771118164,15.460000038146973,15.539999961853027,14.869647026062012,9208000,Hewlett Packard Enterprise
2023-03-02,15.4399995803833,15.529999732971191,15.300000190734863,15.5,14.831372261047363,11956800,Hewlett Packard Enterprise
2023-03-03,15.880000114440918,16.049999237060547,15.220000267028809,15.279999732971191,14.62086296081543,22209000,Hewlett Packard Enterprise
2023-03-06,15.289999961853027,15.420000076293945,15.09000015258789,15.149999618530273,14.496469497680664,17630200,Hewlett Packard Enterprise
2023-03-07,15.149999618530273,15.319999694824219,14.979999542236328,15.010000228881836,14.362508773803711,12305400,Hewlett Packard Enterprise
2023-03-08,15.100000381469727,15.168000221252441,15.020000457763672,15.100000381469727,14.448627471923828,11283700,Hewlett Packard Enterprise
2023-03-09,15.140000343322754,15.140000343322754,14.664999961853027,14.710000038146973,14.075451850891113,10485600,Hewlett Packard Enterprise
2023-03-10,14.6899995803833,14.704999923706055,14.260000228881836,14.329999923706055,13.711841583251953,17290600,Hewlett Packard Enterprise
2023-03-13,14.119999885559082,14.225000381469727,13.914999961853027,14.010000228881836,13.405647277832031,15212400,Hewlett Packard Enterprise
2023-03-14,14.1899995803833,14.300000190734863,13.979999542236328,14.140000343322754,13.530040740966797,16631000,Hewlett Packard Enterprise
2023-03-15,13.859999656677246,14.029999732971191,13.75,13.90999984741211,13.309961318969727,16778500,Hewlett Packard Enterprise
2023-03-16,13.699999809265137,14.324999809265137,13.65999984741211,14.3100004196167,13.811859130859375,15241000,Hewlett Packard Enterprise
2023-03-17,14.229999542236328,14.319999694824219,14.079999923706055,14.100000381469727,13.609169960021973,22302400,Hewlett Packard Enterprise
2023-03-20,14.199999809265137,14.479999542236328,14.180000305175781,14.4399995803833,13.937333106994629,13576800,Hewlett Packard Enterprise
2023-03-21,14.640000343322754,14.770000457763672,14.614999771118164,14.75,14.236542701721191,10513800,Hewlett Packard Enterprise
2023-03-22,14.789999961853027,14.850000381469727,14.40999984741211,14.430000305175781,13.927682876586914,12263100,Hewlett Packard Enterprise
2023-03-23,14.489999771118164,14.569999694824219,14.180000305175781,14.270000457763672,13.773252487182617,11543300,Hewlett Packard Enterprise
2023-03-24,14.180000305175781,14.229999542236328,14.045000076293945,14.229999542236328,13.73464298248291,12699700,Hewlett Packard Enterprise
2023-03-27,14.399999618530273,15.0600004196167,14.380000114440918,15.010000228881836,14.487491607666016,17066400,Hewlett Packard Enterprise
2023-03-28,14.970000267028809,14.989999771118164,14.829999923706055,14.949999809265137,14.42957878112793,13520500,Hewlett Packard Enterprise
2023-03-29,15.130000114440918,15.619999885559082,15.130000114440918,15.520000457763672,14.979738235473633,16381400,Hewlett Packard Enterprise
2023-03-30,15.640000343322754,15.739999771118164,15.550000190734863,15.720000267028809,15.172776222229004,12212500,Hewlett Packard Enterprise
2023-03-31,15.800000190734863,15.960000038146973,15.770000457763672,15.930000305175781,15.375466346740723,15543500,Hewlett Packard Enterprise
2023-04-03,15.899999618530273,16.389999389648438,15.869999885559082,16.329999923706055,15.761539459228516,15773200,Hewlett Packard Enterprise
2023-04-04,16.350000381469727,16.399999618530273,15.960000038146973,16.110000610351562,15.549201011657715,13000300,Hewlett Packard Enterprise
2023-04-05,16.010000228881836,16.100000381469727,15.75,15.90999984741211,15.356161117553711,10982900,Hewlett Packard Enterprise
2023-04-06,15.899999618530273,15.949999809265137,15.800000190734863,15.859999656677246,15.307903289794922,6339000,Hewlett Packard Enterprise
2023-04-10,15.760000228881836,16.059999465942383,15.75,16.059999465942383,15.500940322875977,7662700,Hewlett Packard Enterprise
2023-04-11,16.06999969482422,16.15999984741211,16.049999237060547,16.049999237060547,15.491287231445312,7128100,Hewlett Packard Enterprise
2023-04-12,16.15999984741211,16.15999984741211,15.859999656677246,15.979999542236328,15.423724174499512,7728000,Hewlett Packard Enterprise
2023-04-13,15.920000076293945,16.09000015258789,15.800000190734863,16.030000686645508,15.47198486328125,9611000,Hewlett Packard Enterprise
2023-04-14,16.030000686645508,16.229999542236328,15.789999961853027,15.90999984741211,15.356161117553711,8442900,Hewlett Packard Enterprise
2023-04-17,15.920000076293945,16.030000686645508,15.760000228881836,15.850000381469727,15.298250198364258,10754100,Hewlett Packard Enterprise
2023-04-18,15.930000305175781,16.020000457763672,15.704999923706055,15.779999732971191,15.230687141418457,8220300,Hewlett Packard Enterprise
2023-04-19,15.40999984741211,15.59000015258789,14.850000381469727,14.960000038146973,14.439231872558594,14659200,Hewlett Packard Enterprise
2023-04-20,14.699999809265137,14.800000190734863,14.414999961853027,14.539999961853027,14.033851623535156,14176000,Hewlett Packard Enterprise
2023-04-21,14.550000190734863,14.550000190734863,14.175000190734863,14.460000038146973,13.95663833618164,11103800,Hewlett Packard Enterprise
2023-04-24,14.40999984741211,14.4399995803833,14.25,14.34000015258789,13.840814590454102,8262400,Hewlett Packard Enterprise
2023-04-25,14.220000267028809,14.25,14.09000015258789,14.140000343322754,13.647777557373047,9567100,Hewlett Packard Enterprise
2023-04-26,14.09000015258789,14.239999771118164,14.010000228881836,14.09000015258789,13.599518775939941,9596300,Hewlett Packard Enterprise
2023-04-27,14.100000381469727,14.260000228881836,13.960000038146973,14.260000228881836,13.763599395751953,9429200,Hewlett Packard Enterprise
2023-04-28,14.210000038146973,14.348999977111816,14.199999809265137,14.319999694824219,13.821511268615723,8821600,Hewlett Packard Enterprise
2023-05-01,14.390000343322754,14.59000015258789,14.380000114440918,14.4399995803833,13.937333106994629,8476300,Hewlett Packard Enterprise
2023-05-02,14.479999542236328,14.569999694824219,14.095000267028809,14.25,13.753948211669922,9620400,Hewlett Packard Enterprise
2023-05-03,14.3100004196167,14.380000114440918,13.949999809265137,13.949999809265137,13.464390754699707,12608400,Hewlett Packard Enterprise
2023-05-04,13.880000114440918,13.899999618530273,13.654999732971191,13.800000190734863,13.319612503051758,8244500,Hewlett Packard Enterprise
2023-05-05,13.970000267028809,14.170000076293945,13.930000305175781,14.109999656677246,13.618821144104004,7425200,Hewlett Packard Enterprise
2023-05-08,14.140000343322754,14.199999809265137,14.0649995803833,14.1899995803833,13.696036338806152,7283200,Hewlett Packard Enterprise
2023-05-09,14.069999694824219,14.180000305175781,14.010000228881836,14.15999984741211,13.66707992553711,6304000,Hewlett Packard Enterprise
2023-05-10,14.210000038146973,14.329999923706055,13.920000076293945,14.09000015258789,13.599518775939941,8438100,Hewlett Packard Enterprise
2023-05-11,14.029999732971191,14.029999732971191,13.699999809265137,13.779999732971191,13.300308227539062,16141900,Hewlett Packard Enterprise
2023-05-12,13.850000381469727,13.90999984741211,13.710000038146973,13.829999923706055,13.348567008972168,14413300,Hewlett Packard Enterprise
2023-05-15,13.890000343322754,14.3100004196167,13.8100004196167,14.289999961853027,13.79255485534668,11484500,Hewlett Packard Enterprise
2023-05-16,14.25,14.305000305175781,13.960000038146973,14.039999961853027,13.55125904083252,15408600,Hewlett Packard Enterprise
2023-05-17,14.149999618530273,14.430000305175781,14.085000038146973,14.3100004196167,13.811859130859375,10489400,Hewlett Packard Enterprise
2023-05-18,14.260000228881836,14.460000038146973,14.194999694824219,14.40999984741211,13.908378601074219,17834500,Hewlett Packard Enterprise
2023-05-19,14.5,14.5,14.3149995803833,14.329999923706055,13.831162452697754,17190400,Hewlett Packard Enterprise
2023-05-22,14.369999885559082,14.510000228881836,14.289999961853027,14.449999809265137,13.946985244750977,11604400,Hewlett Packard Enterprise
2023-05-23,14.449999809265137,14.710000038146973,14.380000114440918,14.380000114440918,13.879422187805176,15995100,Hewlett Packard Enterprise
2023-05-24,14.319999694824219,14.319999694824219,14.024999618530273,14.15999984741211,13.66707992553711,10807800,Hewlett Packard Enterprise
2023-05-25,14.260000228881836,14.725000381469727,14.25,14.670000076293945,14.159326553344727,11132900,Hewlett Packard Enterprise
2023-05-26,14.899999618530273,15.454999923706055,14.734999656677246,15.34000015258789,14.80600357055664,22099300,Hewlett Packard Enterprise
2023-05-30,15.569999694824219,15.734999656677246,15.5,15.520000457763672,14.979738235473633,20688600,Hewlett Packard Enterprise
2023-05-31,13.859999656677246,14.640000343322754,13.789999961853027,14.420000076293945,13.918030738830566,34083600,Hewlett Packard Enterprise
2023-06-01,14.5,14.979999542236328,14.430000305175781,14.670000076293945,14.159326553344727,26669400,Hewlett Packard Enterprise
2023-06-02,14.770000457763672,15.3100004196167,14.579999923706055,15.239999771118164,14.709485054016113,20039700,Hewlett Packard Enterprise
2023-06-05,15.229999542236328,15.300000190734863,14.989999771118164,15.020000457763672,14.497143745422363,16808400,Hewlett Packard Enterprise
2023-06-06,14.960000038146973,15.40999984741211,14.949999809265137,15.34000015258789,14.80600357055664,12038800,Hewlett Packard Enterprise
2023-06-07,15.449999809265137,15.800000190734863,15.390000343322754,15.760000228881836,15.211384773254395,14615400,Hewlett Packard Enterprise
2023-06-08,15.760000228881836,15.84000015258789,15.609999656677246,15.800000190734863,15.249990463256836,12074100,Hewlett Packard Enterprise
2023-06-09,15.869999885559082,16.0,15.779999732971191,15.789999961853027,15.240339279174805,7748300,Hewlett Packard Enterprise
2023-06-12,15.779999732971191,16.280000686645508,15.779999732971191,16.280000686645508,15.713282585144043,14149400,Hewlett Packard Enterprise
2023-06-13,16.309999465942383,16.700000762939453,16.299999237060547,16.639999389648438,16.060747146606445,17875100,Hewlett Packard Enterprise
2023-06-14,16.5,16.9950008392334,16.5,16.809999465942383,16.342687606811523,15014500,Hewlett Packard Enterprise
2023-06-15,16.75,17.4950008392334,16.739999771118164,17.450000762939453,16.96489715576172,24260700,Hewlett Packard Enterprise
2023-06-16,17.489999771118164,17.739999771118164,17.280000686645508,17.56999969482422,17.081558227539062,24485300,Hewlett Packard Enterprise
2023-06-20,17.440000534057617,17.469999313354492,16.905000686645508,17.010000228881836,16.537128448486328,19374500,Hewlett Packard Enterprise
2023-06-21,17.079999923706055,17.415000915527344,16.790000915527344,16.81999969482422,16.3524112701416,12829900,Hewlett Packard Enterprise
2023-06-22,16.860000610351562,16.985000610351562,16.610000610351562,16.780000686645508,16.313522338867188,14554600,Hewlett Packard Enterprise
2023-06-23,16.600000381469727,16.670000076293945,16.489999771118164,16.520000457763672,16.060749053955078,13220700,Hewlett Packard Enterprise
2023-06-26,16.610000610351562,16.719999313354492,16.3799991607666,16.389999389648438,15.934364318847656,10100500,Hewlett Packard Enterprise
2023-06-27,16.399999618530273,16.559999465942383,16.325000762939453,16.43000030517578,15.973250389099121,10439400,Hewlett Packard Enterprise
2023-06-28,16.3799991607666,16.450000762939453,16.239999771118164,16.360000610351562,15.90519905090332,7318300,Hewlett Packard Enterprise
2023-06-29,16.399999618530273,16.729999542236328,16.395000457763672,16.649999618530273,16.1871337890625,8779800,Hewlett Packard Enterprise
2023-06-30,16.709999084472656,16.889999389648438,16.709999084472656,16.799999237060547,16.332965850830078,9763500,Hewlett Packard Enterprise
2023-07-03,16.729999542236328,16.780000686645508,16.6200008392334,16.709999084472656,16.245468139648438,4107200,Hewlett Packard Enterprise
2023-07-05,16.540000915527344,16.780000686645508,16.420000076293945,16.670000076293945,16.206579208374023,7634800,Hewlett Packard Enterprise
2023-07-06,16.469999313354492,16.68000030517578,16.420000076293945,16.65999984741211,16.196857452392578,8331000,Hewlett Packard Enterprise
2023-07-07,16.709999084472656,17.09000015258789,16.670000076293945,16.8700008392334,16.40102195739746,12653100,Hewlett Packard Enterprise
2023-07-10,16.770000457763672,17.079999923706055,16.760000228881836,16.989999771118164,16.517683029174805,10130200,Hewlett Packard Enterprise
2023-07-11,17.0,17.34000015258789,17.0,17.329999923706055,16.84823226928711,9630100,Hewlett Packard Enterprise
2023-07-12,17.5,17.520000457763672,17.049999237060547,17.079999923706055,16.605182647705078,9332000,Hewlett Packard Enterprise
2023-07-13,17.15999984741211,17.3799991607666,17.149999618530273,17.31999969482422,16.838510513305664,8494000,Hewlett Packard Enterprise
2023-07-14,17.219999313354492,17.270000457763672,16.790000915527344,16.8700008392334,16.40102195739746,8694600,Hewlett Packard Enterprise
2023-07-17,16.770000457763672,17.170000076293945,16.71500015258789,17.049999237060547,16.576017379760742,9156600,Hewlett Packard Enterprise
2023-07-18,17.0,17.510000228881836,16.959999084472656,17.459999084472656,16.974618911743164,13474000,Hewlett Packard Enterprise
2023-07-19,17.510000228881836,17.639999389648438,17.209999084472656,17.270000457763672,16.789901733398438,13068700,Hewlett Packard Enterprise
2023-07-20,17.299999237060547,17.3700008392334,17.049999237060547,17.200000762939453,16.721847534179688,11782300,Hewlett Packard Enterprise
2023-07-21,17.280000686645508,17.3700008392334,17.165000915527344,17.260000228881836,16.780179977416992,12403700,Hewlett Packard Enterprise
2023-07-24,17.479999542236328,17.649999618530273,17.229999542236328,17.350000381469727,16.867679595947266,11108200,Hewlett Packard Enterprise
2023-07-25,17.40999984741211,17.690000534057617,17.309999465942383,17.59000015258789,17.10100555419922,11177500,Hewlett Packard Enterprise
2023-07-26,17.559999465942383,17.71500015258789,17.42099952697754,17.450000762939453,16.96489715576172,11314700,Hewlett Packard Enterprise
2023-07-27,17.65999984741211,17.739999771118164,17.309999465942383,17.360000610351562,16.87740135192871,8697600,Hewlett Packard Enterprise
2023-07-28,17.559999465942383,17.6299991607666,17.260000228881836,17.260000228881836,16.780179977416992,9010300,Hewlett Packard Enterprise
2023-07-31,17.229999542236328,17.43000030517578,17.219999313354492,17.3799991607666,16.89684295654297,7359500,Hewlett Packard Enterprise
2023-08-01,17.40999984741211,17.469999313354492,17.219999313354492,17.40999984741211,16.926008224487305,10138000,Hewlett Packard Enterprise
2023-08-02,17.219999313354492,17.520000457763672,17.170000076293945,17.239999771118164,16.76073455810547,10628800,Hewlett Packard Enterprise
2023-08-03,17.100000381469727,17.420000076293945,16.92099952697754,17.31999969482422,16.838510513305664,9536200,Hewlett Packard Enterprise
2023-08-04,17.299999237060547,17.600000381469727,17.170000076293945,17.3700008392334,16.887123107910156,11892500,Hewlett Packard Enterprise
2023-08-07,17.479999542236328,17.655000686645508,17.354999542236328,17.549999237060547,17.062114715576172,10511600,Hewlett Packard Enterprise
2023-08-08,17.389999389648438,18.135000228881836,17.19499969482422,18.06999969482422,17.56766128540039,22140400,Hewlett Packard Enterprise
2023-08-09,18.030000686645508,18.079999923706055,17.469999313354492,17.68000030517578,17.18850326538086,16237900,Hewlett Packard Enterprise
2023-08-10,17.790000915527344,17.89900016784668,17.540000915527344,17.6200008392334,17.130172729492188,17531500,Hewlett Packard Enterprise
2023-08-11,17.540000915527344,17.65999984741211,17.479999542236328,17.600000381469727,17.110727310180664,11611300,Hewlett Packard Enterprise
2023-08-14,17.5,17.639999389648438,17.360000610351562,17.600000381469727,17.110727310180664,10801900,Hewlett Packard Enterprise
2023-08-15,17.469999313354492,17.625,17.299999237060547,17.299999237060547,16.81906509399414,7659600,Hewlett Packard Enterprise
2023-08-16,17.219999313354492,17.309999465942383,17.014999389648438,17.040000915527344,16.56629753112793,9419000,Hewlett Packard Enterprise
2023-08-17,17.15999984741211,17.239999771118164,16.8799991607666,16.969999313354492,16.498239517211914,12958700,Hewlett Packard Enterprise
2023-08-18,16.760000228881836,17.1299991607666,16.75,17.0,16.527406692504883,8832800,Hewlett Packard Enterprise
2023-08-21,17.010000228881836,17.1200008392334,16.8799991607666,17.040000915527344,16.56629753112793,8776000,Hewlett Packard Enterprise
2023-08-22,17.06999969482422,17.114999771118164,16.770000457763672,16.790000915527344,16.323244094848633,10569400,Hewlett Packard Enterprise
2023-08-23,16.809999465942383,17.06999969482422,16.770000457763672,17.020000457763672,16.546852111816406,8446100,Hewlett Packard Enterprise
2023-08-24,17.079999923706055,17.145000457763672,16.690000534057617,16.700000762939453,16.235746383666992,11635700,Hewlett Packard Enterprise
2023-08-25,16.739999771118164,16.799999237060547,16.450000762939453,16.6200008392334,16.157970428466797,9312000,Hewlett Packard Enterprise
2023-08-28,16.75,16.920000076293945,16.655000686645508,16.790000915527344,16.323244094848633,11524800,Hewlett Packard Enterprise
2023-08-29,16.81999969482422,16.954999923706055,16.670000076293945,16.84000015258789,16.371854782104492,10459100,Hewlett Packard Enterprise
2023-08-30,16.3799991607666,17.440000534057617,16.200000762939453,17.360000610351562,16.87740135192871,13990600,Hewlett Packard Enterprise
2023-08-31,17.450000762939453,17.5,16.850000381469727,16.989999771118164,16.517683029174805,17274400,Hewlett Packard Enterprise
2023-09-01,17.209999084472656,18.020000457763672,17.190000534057617,17.979999542236328,17.48016357421875,19824200,Hewlett Packard Enterprise
2023-09-05,17.940000534057617,18.094999313354492,17.799999237060547,17.809999465942383,17.314889907836914,10504800,Hewlett Packard Enterprise
2023-09-06,17.639999389648438,17.915000915527344,17.549999237060547,17.75,17.256555557250977,10493800,Hewlett Packard Enterprise
2023-09-07,17.510000228881836,17.56999969482422,17.274999618530273,17.290000915527344,16.809345245361328,13845400,Hewlett Packard Enterprise
2023-09-08,17.299999237060547,17.40999984741211,17.290000915527344,17.34000015258789,16.857954025268555,6767300,Hewlett Packard Enterprise
2023-09-11,17.43000030517578,17.540000915527344,17.145000457763672,17.229999542236328,16.751012802124023,10387000,Hewlett Packard Enterprise
2023-09-12,17.030000686645508,17.18000030517578,16.950000762939453,17.079999923706055,16.605182647705078,10847900,Hewlett Packard Enterprise
2023-09-13,17.020000457763672,17.09000015258789,16.760000228881836,16.770000457763672,16.419158935546875,9633600,Hewlett Packard Enterprise
2023-09-14,16.989999771118164,17.229999542236328,16.920000076293945,17.209999084472656,16.849950790405273,8724300,Hewlett Packard Enterprise
2023-09-15,17.1200008392334,17.280000686645508,16.8700008392334,17.06999969482422,16.712881088256836,18972700,Hewlett Packard Enterprise
2023-09-18,16.979999542236328,17.040000915527344,16.78499984741211,17.0,16.644346237182617,8843900,Hewlett Packard Enterprise
2023-09-19,17.049999237060547,17.167999267578125,17.0,17.06999969482422,16.712881088256836,7622000,Hewlett Packard Enterprise
2023-09-20,17.31999969482422,17.399999618530273,17.06999969482422,17.100000381469727,16.74225425720215,8009400,Hewlett Packard Enterprise
2023-09-21,16.959999084472656,17.06999969482422,16.8799991607666,16.979999542236328,16.62476348876953,8321900,Hewlett Packard Enterprise
2023-09-22,16.979999542236328,17.100000381469727,16.85300064086914,17.020000457763672,16.663928985595703,5133600,Hewlett Packard Enterprise
2023-09-25,16.889999389648438,17.110000610351562,16.8700008392334,16.969999313354492,16.614973068237305,8973600,Hewlett Packard Enterprise
2023-09-26,16.809999465942383,16.93000030517578,16.725000381469727,16.780000686645508,16.4289493560791,9485600,Hewlett Packard Enterprise
2023-09-27,16.950000762939453,17.31999969482422,16.815000534057617,17.06999969482422,16.712881088256836,12236900,Hewlett Packard Enterprise
2023-09-28,17.1200008392334,17.75,17.1200008392334,17.6299991607666,17.261165618896484,13325400,Hewlett Packard Enterprise
2023-09-29,17.65999984741211,17.729999542236328,17.260000228881836,17.3700008392334,17.006607055664062,10206000,Hewlett Packard Enterprise
2023-10-02,17.399999618530273,17.59000015258789,17.344999313354492,17.440000534057617,17.07514190673828,8932000,Hewlett Packard Enterprise
2023-10-03,17.209999084472656,17.3700008392334,16.75,16.93000030517578,16.5758113861084,7283400,Hewlett Packard Enterprise
2023-10-04,16.969999313354492,17.030000686645508,16.780000686645508,17.010000228881836,16.654136657714844,4885200,Hewlett Packard Enterprise
2023-10-05,16.90999984741211,17.040000915527344,16.6200008392334,16.790000915527344,16.438739776611328,6220300,Hewlett Packard Enterprise
2023-10-06,16.739999771118164,16.969999313354492,16.579999923706055,16.829999923706055,16.477901458740234,9281400,Hewlett Packard Enterprise
2023-10-09,16.729999542236328,16.975000381469727,16.593000411987305,16.850000381469727,16.49748420715332,7809900,Hewlett Packard Enterprise
2023-10-10,16.90999984741211,17.184999465942383,16.8799991607666,16.93000030517578,16.5758113861084,9087000,Hewlett Packard Enterprise
2023-10-11,16.979999542236328,17.290000915527344,16.969999313354492,17.15999984741211,16.80099868774414,6984900,Hewlett Packard Enterprise
2023-10-12,17.170000076293945,17.200000762939453,16.774999618530273,16.950000762939453,16.595394134521484,10252300,Hewlett Packard Enterprise
2023-10-13,16.959999084472656,17.049999237060547,16.469999313354492,16.479999542236328,16.135225296020508,8562500,Hewlett Packard Enterprise
2023-10-16,16.6299991607666,17.18000030517578,16.59000015258789,17.110000610351562,16.752044677734375,13079600,Hewlett Packard Enterprise
2023-10-17,16.959999084472656,17.125,16.850000381469727,16.979999542236328,16.62476348876953,7374700,Hewlett Packard Enterprise
2023-10-18,16.850000381469727,16.959999084472656,16.6200008392334,16.68000030517578,16.331043243408203,7528100,Hewlett Packard Enterprise
2023-10-19,16.729999542236328,16.774999618530273,16.239999771118164,16.299999237060547,15.958989143371582,11471000,Hewlett Packard Enterprise
2023-10-20,15.9399995803833,16.110000610351562,14.914999961853027,15.229999542236328,14.911375999450684,24588300,Hewlett Packard Enterprise
2023-10-23,15.180000305175781,15.359999656677246,15.100000381469727,15.199999809265137,14.882003784179688,13468400,Hewlett Packard Enterprise
2023-10-24,15.289999961853027,15.404999732971191,15.180000305175781,15.289999961853027,14.970120429992676,8708500,Hewlett Packard Enterprise
2023-10-25,15.279999732971191,15.319999694824219,15.095000267028809,15.140000343322754,14.823259353637695,8291300,Hewlett Packard Enterprise
2023-10-26,15.109999656677246,15.28499984741211,14.960000038146973,15.130000114440918,14.813468933105469,10747100,Hewlett Packard Enterprise
2023-10-27,15.199999809265137,15.4399995803833,15.130000114440918,15.210000038146973,14.89179515838623,9000400,Hewlett Packard Enterprise
2023-10-30,15.359999656677246,15.40999984741211,15.15999984741211,15.300000190734863,14.979912757873535,8330300,Hewlett Packard Enterprise
2023-10-31,15.289999961853027,15.390000343322754,15.1899995803833,15.380000114440918,15.05823802947998,7910800,Hewlett Packard Enterprise
2023-11-01,15.399999618530273,15.529999732971191,15.345000267028809,15.529999732971191,15.205100059509277,7754600,Hewlett Packard Enterprise
2023-11-02,15.710000038146973,15.75,15.479999542236328,15.59000015258789,15.263845443725586,9592300,Hewlett Packard Enterprise
2023-11-03,15.8100004196167,16.0,15.789999961853027,15.930000305175781,15.596732139587402,6825600,Hewlett Packard Enterprise
2023-11-06,15.920000076293945,16.0,15.765000343322754,15.90999984741211,15.577149391174316,6377700,Hewlett Packard Enterprise
2023-11-07,15.800000190734863,15.930000305175781,15.710000038146973,15.75,15.42049789428711,6177100,Hewlett Packard Enterprise
2023-11-08,15.75,15.829999923706055,15.600000381469727,15.739999771118164,15.41070556640625,7087600,Hewlett Packard Enterprise
2023-11-09,15.760000228881836,15.850000381469727,15.59000015258789,15.619999885559082,15.293216705322266,6963200,Hewlett Packard Enterprise
2023-11-10,15.710000038146973,15.989999771118164,15.604999542236328,15.960000038146973,15.626104354858398,5800100,Hewlett Packard Enterprise
2023-11-13,15.829999923706055,16.030000686645508,15.755000114440918,16.0,15.665266990661621,11143900,Hewlett Packard Enterprise
2023-11-14,16.239999771118164,16.4950008392334,16.1299991607666,16.420000076293945,16.076480865478516,9884800,Hewlett Packard Enterprise
2023-11-15,16.479999542236328,16.68000030517578,16.420000076293945,16.450000762939453,16.105854034423828,8330600,Hewlett Packard Enterprise
2023-11-16,16.260000228881836,16.309999465942383,15.630000114440918,15.739999771118164,15.41070556640625,11587400,Hewlett Packard Enterprise
2023-11-17,15.869999885559082,15.989999771118164,15.8100004196167,15.930000305175781,15.596732139587402,8801000,Hewlett Packard Enterprise
2023-11-20,15.880000114440918,15.960000038146973,15.78499984741211,15.829999923706055,15.498823165893555,7486500,Hewlett Packard Enterprise
2023-11-21,15.789999961853027,15.819999694824219,15.555000305175781,15.619999885559082,15.293216705322266,8598100,Hewlett Packard Enterprise
2023-11-22,15.75,15.880000114440918,15.680000305175781,15.779999732971191,15.449869155883789,11394800,Hewlett Packard Enterprise
2023-11-24,15.850000381469727,15.914999961853027,15.744999885559082,15.829999923706055,15.498823165893555,3788800,Hewlett Packard Enterprise
2023-11-27,15.729999542236328,15.779999732971191,15.569999694824219,15.600000381469727,15.273635864257812,11202100,Hewlett Packard Enterprise
2023-11-28,15.569999694824219,15.619999885559082,15.449999809265137,15.520000457763672,15.195308685302734,14386200,Hewlett Packard Enterprise
2023-11-29,16.229999542236328,16.899999618530273,15.789999961853027,16.520000457763672,16.174386978149414,21648300,Hewlett Packard Enterprise
2023-11-30,16.84000015258789,17.049999237060547,16.709999084472656,16.90999984741211,16.556230545043945,24721700,Hewlett Packard Enterprise
2023-12-01,16.790000915527344,17.139999389648438,16.649999618530273,16.889999389648438,16.536645889282227,14836100,Hewlett Packard Enterprise
2023-12-04,16.75,16.8700008392334,16.5,16.540000915527344,16.1939697265625,14150100,Hewlett Packard Enterprise
2023-12-05,16.43000030517578,16.43000030517578,16.040000915527344,16.079999923706055,15.743593215942383,15550100,Hewlett Packard Enterprise
2023-12-06,16.1200008392334,16.209999084472656,15.8100004196167,15.880000114440918,15.547778129577637,13108700,Hewlett Packard Enterprise
2023-12-07,15.90999984741211,16.1299991607666,15.699999809265137,16.1200008392334,15.782756805419922,19474000,Hewlett Packard Enterprise
2023-12-08,16.110000610351562,16.399999618530273,16.09000015258789,16.219999313354492,15.88066291809082,11901300,Hewlett Packard Enterprise
2023-12-11,16.219999313354492,16.709999084472656,16.219999313354492,16.65999984741211,16.311458587646484,13978500,Hewlett Packard Enterprise
2023-12-12,16.049999237060547,16.485000610351562,16.049999237060547,16.3700008392334,16.153575897216797,16224600,Hewlett Packard Enterprise
2023-12-13,16.3700008392334,16.649999618530273,16.274999618530273,16.579999923706055,16.360797882080078,10730500,Hewlett Packard Enterprise
2023-12-14,16.700000762939453,17.18000030517578,16.700000762939453,17.059999465942383,16.834453582763672,20993600,Hewlett Packard Enterprise
2023-12-15,16.8799991607666,16.940000534057617,16.610000610351562,16.719999313354492,16.498947143554688,21854000,Hewlett Packard Enterprise
2023-12-18,16.780000686645508,16.829999923706055,16.55500030517578,16.790000915527344,16.568023681640625,12793900,Hewlett Packard Enterprise
2023-12-19,16.8799991607666,16.920000076293945,16.760000228881836,16.829999923706055,16.607492446899414,8317600,Hewlett Packard Enterprise
2023-12-20,16.8700008392334,17.045000076293945,16.739999771118164,16.739999771118164,16.5186824798584,7572400,Hewlett Packard Enterprise
2023-12-21,16.899999618530273,17.010000228881836,16.71500015258789,17.0,16.775245666503906,7160800,Hewlett Packard Enterprise
2023-12-22,17.049999237060547,17.200000762939453,16.979999542236328,17.09000015258789,16.864055633544922,6112600,Hewlett Packard Enterprise
2023-12-26,17.079999923706055,17.290000915527344,17.049999237060547,17.229999542236328,17.00220489501953,4857100,Hewlett Packard Enterprise
2023-12-27,17.270000457763672,17.280000686645508,17.010000228881836,17.09000015258789,16.864055633544922,5911700,Hewlett Packard Enterprise
2023-12-28,17.100000381469727,17.184999465942383,17.065000534057617,17.170000076293945,16.942996978759766,4684900,Hewlett Packard Enterprise
2023-12-29,17.149999618530273,17.190000534057617,16.899999618530273,16.979999542236328,16.755510330200195,6026700,Hewlett Packard Enterprise
2024-01-02,16.8700008392334,17.010000228881836,16.719999313354492,16.93000030517578,16.706172943115234,8438200,Hewlett Packard Enterprise
2024-01-03,16.799999237060547,17.200000762939453,16.739999771118164,17.040000915527344,16.814716339111328,10331300,Hewlett Packard Enterprise
2024-01-04,17.040000915527344,17.2450008392334,16.969999313354492,17.0,16.775245666503906,13255000,Hewlett Packard Enterprise
2024-01-05,16.950000762939453,17.389999389648438,16.93000030517578,17.170000076293945,16.942996978759766,13780100,Hewlett Packard Enterprise
2024-01-08,17.200000762939453,17.799999237060547,17.170000076293945,17.719999313354492,17.485727310180664,11782000,Hewlett Packard Enterprise
2024-01-09,16.600000381469727,16.875,16.110000610351562,16.139999389648438,15.926614761352539,35499400,Hewlett Packard Enterprise
2024-01-10,16.110000610351562,16.469999313354492,16.010000228881836,16.43000030517578,16.21278190612793,23542000,Hewlett Packard Enterprise
2024-01-11,16.389999389648438,16.4950008392334,16.225000381469727,16.3700008392334,16.153575897216797,13319400,Hewlett Packard Enterprise
2024-01-12,16.420000076293945,16.469999313354492,15.84000015258789,15.890000343322754,15.67992115020752,13197800,Hewlett Packard Enterprise
2024-01-16,15.550000190734863,15.614999771118164,15.15999984741211,15.3100004196167,15.107588768005371,19468300,Hewlett Packard Enterprise
2024-01-17,15.149999618530273,15.197999954223633,14.90999984741211,15.039999961853027,14.841158866882324,13466800,Hewlett Packard Enterprise
2024-01-18,15.0600004196167,15.114999771118164,14.699999809265137,14.960000038146973,14.762216567993164,15106200,Hewlett Packard Enterprise
2024-01-19,15.029999732971191,15.425000190734863,14.925000190734863,15.369999885559082,15.16679573059082,13251800,Hewlett Packard Enterprise
2024-01-22,15.479999542236328,15.619999885559082,15.399999618530273,15.5,15.295077323913574,9414400,Hewlett Packard Enterprise
2024-01-23,15.630000114440918,15.699999809265137,15.460000038146973,15.5,15.295077323913574,8726700,Hewlett Packard Enterprise
2024-01-24,15.630000114440918,15.989999771118164,15.569999694824219,15.760000228881836,15.551639556884766,11362400,Hewlett Packard Enterprise
2024-01-25,15.90999984741211,16.040000915527344,15.819999694824219,15.920000076293945,15.709524154663086,11244800,Hewlett Packard Enterprise
2024-01-26,15.899999618530273,15.944999694824219,15.710000038146973,15.84000015258789,15.630581855773926,6099500,Hewlett Packard Enterprise
2024-01-29,15.739999771118164,15.829999923706055,15.635000228881836,15.800000190734863,15.591111183166504,7291400,Hewlett Packard Enterprise
2024-01-30,15.970000267028809,15.989999771118164,15.75,15.890000343322754,15.67992115020752,6540400,Hewlett Packard Enterprise
2024-01-31,15.65999984741211,15.670000076293945,15.09000015258789,15.289999961853027,15.08785343170166,15595400,Hewlett Packard Enterprise
2024-02-01,15.34000015258789,15.380000114440918,15.130000114440918,15.359999656677246,15.156928062438965,7500900,Hewlett Packard Enterprise
2024-02-02,15.329999923706055,15.529999732971191,15.140000343322754,15.40999984741211,15.206266403198242,7301400,Hewlett Packard Enterprise
2024-02-05,15.300000190734863,15.369999885559082,15.21500015258789,15.279999732971191,15.077984809875488,8563300,Hewlett Packard Enterprise
2024-02-06,15.270000457763672,15.494999885559082,15.260000228881836,15.279999732971191,15.077984809875488,9909000,Hewlett Packard Enterprise
2024-02-07,15.329999923706055,15.369999885559082,15.079999923706055,15.260000228881836,15.058250427246094,11377600,Hewlett Packard Enterprise
2024-02-08,15.260000228881836,15.520000457763672,15.210000038146973,15.5,15.295077323913574,8059500,Hewlett Packard Enterprise
2024-02-09,15.449999809265137,15.550000190734863,15.369999885559082,15.479999542236328,15.275341987609863,6572300,Hewlett Packard Enterprise
2024-02-12,15.479999542236328,15.75,15.460000038146973,15.609999656677246,15.403621673583984,6361500,Hewlett Packard Enterprise
2024-02-13,15.260000228881836,15.319999694824219,15.09000015258789,15.229999542236328,15.028646469116211,7133100,Hewlett Packard Enterprise
2024-02-14,15.380000114440918,15.454999923706055,15.119999885559082,15.229999542236328,15.028646469116211,10443700,Hewlett Packard Enterprise
2024-02-15,15.220000267028809,15.28499984741211,15.0649995803833,15.260000228881836,15.058250427246094,9556200,Hewlett Packard Enterprise
2024-02-16,15.1899995803833,15.25,14.90999984741211,14.930000305175781,14.732613563537598,10075300,Hewlett Packard Enterprise
2024-02-20,14.850000381469727,15.09000015258789,14.800000190734863,15.010000228881836,14.811554908752441,9652600,Hewlett Packard Enterprise
2024-02-21,14.899999618530273,14.989999771118164,14.755000114440918,14.90999984741211,14.71287727355957,8118700,Hewlett Packard Enterprise
2024-02-22,15.039999961853027,15.180000305175781,14.930000305175781,15.069999694824219,14.87076187133789,10462400,Hewlett Packard Enterprise
2024-02-23,15.109999656677246,15.229999542236328,15.039999961853027,15.109999656677246,14.910232543945312,8561000,Hewlett Packard Enterprise
2024-02-26,15.09000015258789,15.135000228881836,14.869999885559082,14.930000305175781,14.732613563537598,14869500,Hewlett Packard Enterprise
2024-02-27,15.010000228881836,15.079999923706055,14.829999923706055,14.890000343322754,14.693142890930176,9432100,Hewlett Packard Enterprise
2024-02-28,14.84000015258789,15.0600004196167,14.779999732971191,14.859999656677246,14.663537979125977,9910200,Hewlett Packard Enterprise
2024-02-29,15.0,15.260000228881836,15.0,15.229999542236328,15.028646469116211,27341800,Hewlett Packard Enterprise
2024-03-01,14.529999732971191,15.699999809265137,14.46500015258789,15.5600004196167,15.354284286499023,34136700,Hewlett Packard Enterprise
2024-03-04,15.8100004196167,17.30500030517578,15.760000228881836,17.149999618530273,16.923261642456055,41177700,Hewlett Packard Enterprise
2024-03-05,17.010000228881836,18.190000534057617,17.010000228881836,18.100000381469727,17.860702514648438,44150200,Hewlett Packard Enterprise
2024-03-06,18.350000381469727,20.06999969482422,18.34000015258789,18.770000457763672,18.521846771240234,51250900,Hewlett Packard Enterprise
2024-03-07,18.790000915527344,18.829999923706055,17.719999313354492,18.18000030517578,17.939645767211914,29773700,Hewlett Packard Enterprise
2024-03-08,18.6299991607666,18.690000534057617,17.954999923706055,17.989999771118164,17.75215721130371,21693800,Hewlett Packard Enterprise
2024-03-11,17.71500015258789,18.270000457763672,17.6299991607666,18.040000915527344,17.801498413085938,19422800,Hewlett Packard Enterprise
2024-03-12,18.520000457763672,19.149999618530273,18.040000915527344,18.049999237060547,17.811363220214844,33677100,Hewlett Packard Enterprise
2024-03-13,18.020000457763672,18.059999465942383,17.610000610351562,17.899999618530273,17.663345336914062,17482400,Hewlett Packard Enterprise
2024-03-14,17.700000762939453,17.700000762939453,17.3799991607666,17.530000686645508,17.424789428710938,15774900,Hewlett Packard Enterprise
2024-03-15,17.299999237060547,17.420000076293945,16.700000762939453,16.729999542236328,16.629589080810547,41142100,Hewlett Packard Enterprise
2024-03-18,16.940000534057617,17.190000534057617,16.790000915527344,17.059999465942383,16.957609176635742,22137600,Hewlett Packard Enterprise
2024-03-19,16.950000762939453,17.020000457763672,16.719999313354492,16.780000686645508,16.679290771484375,12178000,Hewlett Packard Enterprise
2024-03-20,16.670000076293945,16.934999465942383,16.5,16.93000030517578,16.82839012145996,17508400,Hewlett Packard Enterprise
2024-03-21,17.170000076293945,17.40999984741211,17.049999237060547,17.209999084472656,17.106708526611328,12914800,Hewlett Packard Enterprise
2024-03-22,17.209999084472656,17.610000610351562,17.209999084472656,17.3700008392334,17.265748977661133,9278900,Hewlett Packard Enterprise
2024-03-25,17.25,17.6299991607666,17.209999084472656,17.420000076293945,17.315448760986328,16167200,Hewlett Packard Enterprise
2024-03-26,17.510000228881836,17.84000015258789,17.450000762939453,17.690000534057617,17.58382797241211,14285200,Hewlett Packard Enterprise
2024-03-27,17.770000457763672,17.799999237060547,17.40999984741211,17.670000076293945,17.563947677612305,9727100,Hewlett Packard Enterprise
2024-03-28,17.739999771118164,17.854999542236328,17.690000534057617,17.729999542236328,17.623586654663086,9155400,Hewlett Packard Enterprise
2024-04-01,17.68000030517578,18.014999389648438,17.6200008392334,17.940000534057617,17.832326889038086,9680900,Hewlett Packard Enterprise
2024-04-02,17.75,17.81999969482422,17.549999237060547,17.700000762939453,17.593769073486328,9361500,Hewlett Packard Enterprise
2024-04-03,17.670000076293945,18.389999389648438,17.649999618530273,18.190000534057617,18.080827713012695,26942500,Hewlett Packard Enterprise
2024-04-04,18.5,18.760000228881836,17.8799991607666,17.940000534057617,17.832326889038086,17602700,Hewlett Packard Enterprise
2024-04-05,17.889999389648438,18.1200008392334,17.719999313354492,18.0,17.8919677734375,13148500,Hewlett Packard Enterprise
2024-04-08,18.209999084472656,18.42300033569336,18.110000610351562,18.139999389648438,18.031126022338867,10709800,Hewlett Packard Enterprise
2024-04-09,18.209999084472656,18.2450008392334,17.8799991607666,18.020000457763672,17.911848068237305,10642300,Hewlett Packard Enterprise
2024-04-10,17.799999237060547,18.06999969482422,17.719999313354492,18.0,17.8919677734375,16226400,Hewlett Packard Enterprise
2024-04-11,17.979999542236328,18.059999465942383,17.635000228881836,17.940000534057617,17.832326889038086,11099600,Hewlett Packard Enterprise
2024-04-12,17.729999542236328,17.90999984741211,17.389999389648438,17.420000076293945,17.315448760986328,14033800,Hewlett Packard Enterprise
2024-04-15,17.700000762939453,17.80500030517578,17.20199966430664,17.260000228881836,17.156408309936523,17413800,Hewlett Packard Enterprise
2024-04-16,17.329999923706055,17.3799991607666,16.90999984741211,17.139999389648438,17.037128448486328,11214400,Hewlett Packard Enterprise
2024-04-17,17.25,17.493000030517578,17.010000228881836,17.030000686645508,16.92778968811035,11256000,Hewlett Packard Enterprise
2024-04-18,17.09000015258789,17.1200008392334,16.844999313354492,17.040000915527344,16.937728881835938,12392500,Hewlett Packard Enterprise
2024-04-19,17.020000457763672,17.229999542236328,16.690000534057617,16.790000915527344,16.68922996520996,12482700,Hewlett Packard Enterprise
2024-04-22,16.940000534057617,16.979999542236328,16.649999618530273,16.829999923706055,16.728988647460938,8508500,Hewlett Packard Enterprise
2024-04-23,16.760000228881836,16.959999084472656,16.729999542236328,16.829999923706055,16.728988647460938,9110400,Hewlett Packard Enterprise
2024-04-24,16.93000030517578,17.045000076293945,16.78499984741211,16.93000030517578,16.82839012145996,10856000,Hewlett Packard Enterprise
2024-04-25,16.81999969482422,17.05500030517578,16.780000686645508,16.969999313354492,16.868148803710938,8383000,Hewlett Packard Enterprise
2024-04-26,17.0,17.280000686645508,16.875,17.170000076293945,17.06694793701172,9189400,Hewlett Packard Enterprise
2024-04-29,17.209999084472656,17.43000030517578,17.030000686645508,17.18000030517578,17.076889038085938,8335700,Hewlett Packard Enterprise
2024-04-30,17.030000686645508,17.399999618530273,16.979999542236328,17.0,16.897968292236328,10073000,Hewlett Packard Enterprise
